id,short_id,title,level,full_content,entity_ids,relationship_ids,covariate_ids,attributes
cb3fbda1-990b-4892-b37e-2b897c824592,L0_C3,L0_C3,0,"```json
{
    ""title"": ""江西师范大学及其杰出学生程煜"",
    ""summary"": ""本报告综述了江西师范大学及其杰出学生程煜的整体结构、他们之间的关系以及重要信息。江西师范大学是一所具有较高影响力的教育机构，而程煜是该校的一名成绩优异的在读本科生，专注于计算机科学与技术，有多项出色的研究和竞赛经历。"",
    ""rating"": 8.5,
    ""rating_explanation"": ""江西师范大学作为一个重要的教育机构，以及程煜作为其杰出学生，对学术和技术领域具有较大影响力。"",
    ""findings"": [
        {
            ""summary"": ""江西师范大学是一所具有较高学术声誉的教育机构。"",
            ""explanation"": ""江西师范大学（江西师范大学，cb3fbda1-990b-4892-b37e-2b897c824592）是一所著名的高等学府，提供多种学术课程和研究机会 [Data: L0_C3 (cb3fbda1-990b-4892-b37e-2b897c824592)].""
        },
        {
            ""summary"": ""程煜是江西师范大学的一名杰出学生。"",
            ""explanation"": ""程煜（个人，183-2287-7197）目前是江西师范大学的一名在读本科生，专业为计算机科学与技术。他在班级排名中名列前茅（2/32），并且连续2年获得校综合一等奖学金，还被评为优秀共青团员 [Data: Individual entity (183-2287-7197)].""
        },
        {
            ""summary"": ""程煜在学术和技术研究领域具有显著贡献。"",
            ""explanation"": ""程煜在知识图谱、提示学习、预训练语言模型及程序分析等研究领域表现突出，并在江西师范大学的黄箐教授和澳大利亚国立大学的邢振昌教授的联合指导下发表了题为《Prompt Sapper: A LLM-Empowered Production Tool for Building AI Chains》的论文 [Data: Individual entity (183-2287-7197)].""
        },
        {
            ""summary"": ""程煜具有丰富的编程技术能力和项目经验。"",
            ""explanation"": ""他擅长Python、C、Java等编程语言，并掌握Flask、FastAPI、Node、React等技术栈。此外，他在多个重要的学术和技术竞赛中获奖，包括全球校园人工智能算法精英大赛国家一等奖及全国大学生计算机系统能力大赛省级一等奖等 [Data: Individual entity (183-2287-7197)].""
        },
        {
            ""summary"": ""程煜的学术和竞赛经历表明其具有较高的技术能力和学术潜力。"",
            ""explanation"": ""程煜的获奖经历如第五届全球校园人工智能算法精英大赛国家一等奖及全国大学生计算机系统能力大赛省级一等奖，表明他不仅在学术上有所贡献，在技术竞赛中也有突出表现 [Data: Individual entity (183-2287-7197)].""
        },
        {
            ""summary"": ""程煜积极参与技术开发和开源项目。"",
            ""explanation"": ""程煜在GitHub上的活跃度（https://github.com/YuCheng1106）显示出他在技术开发中的积极参与，并展示了其在Sapper开发平台上的项目经验 [Data: Individual entity (183-2287-7197)].""
        }
    ]
}
```","['cba02519-3c53-4fb9-bda6-7f6e55c3ad0c', '58e1d87e-2061-47dc-8dd7-0764bd6a84c4']",,,
8bfe900f-a5d5-429c-84f1-0419b3d95e83,L0_C3_L1_C0,L0_C3_L1_C0,1,"```json
{
    ""title"": ""江西师范大学与程煜的学术与技术社区"",
    ""summary"": ""本报告分析了江西师范大学及其在读学生程煜构成的学术与技术社区。江西师范大学作为一所大学，提供了学术背景和研究环境，而程煜在此舞台上展现了其强大的学术和技术能力。程煜不仅在计算机科学与技术领域有着出色的学术表现，还在各类全国和省级竞赛中取得了不俗的成绩。此外，他在研究提示学习和预训练语言模型等前沿技术领域有显著贡献，并发表了具有影响力的学术论文。"",
    ""rating"": 7.5,
    ""rating_explanation"": ""该社区在学术与技术领域具有重要影响力，特别是在人工智能和计算机科学领域有较高认可度。"",
    ""findings"": [
        {
            ""summary"": ""江西师范大学为社区提供了强大的学术支持。"",
            ""explanation"": ""江西师范大学是一所重要的学术机构，为学生提供了优越的科研环境和教育资源 [Data: L0_C3_L1_C0 (8bfe900f-a5d5-429c-84f1-0419b3d95e83)]. 其教授黄箐与澳大利亚国立大学的邢振昌教授共同指导了程煜的研究工作，这显示了该校在国际合作与科研指导方面的实力 [Data: L0_C3_L1_C0 (8bfe900f-a5d5-429c-84f1-0419b3d95e83)].""
        },
        {
            ""summary"": ""程煜在学术领域取得了显著成就。"",
            ""explanation"": ""程煜是江西师范大学计算机科学与技术专业的在读本科生，班级排名第2/32，并已连续两年获得校综合一等奖学金 [Data: L0_C3_L1_C0 (8bfe900f-a5d5-429c-84f1-0419b3d95e83)]. 他发表了题为《Prompt Sapper: A LLM-Empowered Production Tool for Building AI Chains》的论文，展示了他在提示学习和预训练语言模型领域的研究成果 [Data: L0_C3_L1_C0 (8bfe900f-a5d5-429c-84f1-0419b3d95e83)].""
        },
        {
            ""summary"": ""程煜在技术开发和竞赛中表现突出。"",
            ""explanation"": ""程煜开发了Sapper平台，并在多个全国和省级技术竞赛中获奖，包括第五届全球校园人工智能算法精英大赛国家一等奖和全国大学生计算机系统能力大赛省级一等奖 [Data: L0_C3_L1_C0 (8bfe900f-a5d5-429c-84f1-0419b3d95e83)]. 此外，他还在中国高校计算机大赛——网络技术挑战赛中获得了省级三等奖 [Data: L0_C3_L1_C0 (8bfe900f-a5d5-429c-84f1-0419b3d95e83)].""
        },
        {
            ""summary"": ""程煜在编程与技术栈方面具有广泛的技能。"",
            ""explanation"": ""程煜精通Python、C和Java三种编程语言，并且在Flask、FastAPI、Node、React等技术栈上有丰富的实践经验 [Data: L0_C3_L1_C0 (8bfe900f-a5d5-429c-84f1-0419b3d95e83)]. 他拥有计算机二级证书，这进一步证明了他的技术能力 [Data: L0_C3_L1_C0 (8bfe900f-a5d5-429c-84f1-0419b3d95e83)].""
        },
        {
            ""summary"": ""程煜在GitHub上的活跃度。"",
            ""explanation"": ""程煜积极参与开源项目，并在GitHub上建立了自己的个人账户，其中分享了他在各种项目中的开发经验和代码 [Data: L0_C3_L1_C0 (8bfe900f-a5d5-429c-84f1-0419b3d95e83)]. 他对技术社区的贡献显著，有助于其个人品牌和影响力的建立。""
        }
    ]
}
```","['cba02519-3c53-4fb9-bda6-7f6e55c3ad0c', '58e1d87e-2061-47dc-8dd7-0764bd6a84c4']",,,
0af14f07-9ef0-48cf-9b10-5a3324c82130,L0_C2,L0_C2,0,"```json
{
    ""title"": ""自然语言集成开发环境所代表的社区"",
    ""summary"": ""这个社区主要由自然语言集成开发环境、TOSEM期刊以及PromptSapper论文和工具三个关键实体组成。社区内各实体之间关系紧密，其中自然语言集成开发环境是提供实体，TOSEM是期刊实体，而PromptSapper既是一篇论文也是一种工具。社区的构成表明其在自然语言处理技术开发领域具有较大的影响力。"",
    ""rating"": 7.5,
    ""rating_explanation"": ""该社区包含多个在自然语言处理领域具有重要影响力的实体，涵盖了开发环境、学术期刊和具体工具，表明其在该领域的研究和应用上具有较高的权威性和影响力。"",
    ""findings"":[
        {
            ""summary"": ""自然语言集成开发环境是该社区的核心提供实体。"",
            ""explanation"": ""自然语言集成开发环境在社区中占据核心地位，作为提供实体，其影响力主要体现在技术平台和工具的提供，可以大大促进自然语言处理技术的研发和应用 [Data: L0_C2 (0af14f07-9ef0-48cf-9b10-5a3324c82130)].""
        },
        {
            ""summary"": ""TOSEM是社区内的重要学术期刊。"",
            ""explanation"": ""TOSEM作为该社区的重要学术期刊，在传播自然语言处理领域的前沿研究成果方面发挥了重要作用。期刊的高引文率和学术影响力使其成为研究人员获取最新研究进展的重要来源 [Data: L0_C2 (0af14f07-9ef0-48cf-9b10-5a3324c82130)].""
        },
        {
            ""summary"": ""PromptSapper兼具论文和工具双重身份。"",
            ""explanation"": ""PromptSapper既是一篇具有重要影响力的学术论文，同时也是一种实用工具。这一双重身份使其在学术界和实际应用中都具有重要地位。例如，一些研究项目和应用程序都根植于其理论基础和技术实现 [Data: L0_C2 (0af14f07-9ef0-48cf-9b10-5a3324c82130)].""
        },
        {
            ""summary"": ""社区内实体的高关联度。"",
            ""explanation"": ""社区内的自然语言集成开发环境、TOSEM和PromptSapper之间具有高关联性，相互之间进行大量的学术和技术交流。这种高关联度不仅提升了社区整体的技术水平，还促进了更多创新成果的产生 [Data: L0_C2 (0af14f07-9ef0-48cf-9b10-5a3324c82130)].""
        },
        {
            ""summary"": ""社区在自然语言处理技术开发领域的影响力。"",
            ""explanation"": ""自然语言集成开发环境、TOSEM和PromptSapper共同的存在表明，社区在自然语言处理技术开发领域具有显著的影响力。无论是从工具提供、学术研究，还是从论文发表来看，社区内的各实体都在其领域内有着重要的贡献 [Data: L0_C2 (0af14f07-9ef0-48cf-9b10-5a3324c82130)].""
        }
    ]
}
```","['48fbdb5a-984d-44b2-8055-6aa015b1927e', 'e370fd21-1453-4c27-9eff-5c2a084cde1b', '3a6331c0-a83e-4d03-8be1-8a3603bae5f8']",,,
89ce4098-057d-4188-a2d5-52c178519e69,L0_C2_L1_C0,L0_C2_L1_C0,1,"```json
{
    ""title"": ""自然语言集成开发环境与PromptSapper研究社区"",
    ""summary"": ""该社区由不同类型的实体组成，主要包括自然语言集成开发环境、TOSEM期刊以及PromptSapper论文和工具。这些实体之间通过技术提供的关系相互关联，形成了一个紧密的研究和开发网络。自然语言集成开发环境和PromptSapper在技术领域内具有较高的影响力，它们不仅提升了社区的整体技术能力，还通过学术期刊TOSEM的发布增加了本社区的学术声誉。"",
    ""rating"": 8.5,
    ""rating_explanation"": ""该社区的主要实体在技术和学术领域具有显著影响力。"",
    ""findings"": [
        {
            ""summary"": ""自然语言集成开发环境在技术提供领域的重要性"",
            ""explanation"": ""自然语言集成开发环境在社区中是一个关键实体，具有科学研究和技术提供的重要角色。其影响力通过与其他实体的高频互动得以体现。根据相关数据，研究和开发成果显著提升了社区的技术能力 [Data: L0_C2_L1_C0 (89ce4098-057d-4188-a2d5-52c178519e69)].""
        },
        {
            ""summary"": ""TOSEM期刊的学术声誉"",
            ""explanation"": ""TOSEM作为一个重要的期刊平台，在本社区中扮演了学术交流和传播的角色。通过定期发表高质量的研究论文，TOSEM帮助提升了社区的学术知名度和声誉 [Data: L0_C2_L1_C0 (89ce4098-057d-4188-a2d5-52c178519e69)].""
        },
        {
            ""summary"": ""PromptSapper的技术先进性"",
            ""explanation"": ""PromptSapper作为一个论文和工具，展示了在自然语言处理和集成开发环境方面的创新和技术先进性。其高影响力不仅被社区内部认可，还在广泛的技术和学术圈中得到广泛赞誉 [Data: L0_C2_L1_C0 (89ce4098-057d-4188-a2d5-52c178519e69)].""
        },
        {
            ""summary"": ""研究实体间的紧密合作关系"",
            ""explanation"": ""自然语言集成开发环境、TOSEM和PromptSapper之间建立了紧密的合作关系。这种合作不仅体现在技术提供和学术交流方面，还通过相互支持和资源共享提升了整体创新能力 [Data: L0_C2_L1_C0 (89ce4098-057d-4188-a2d5-52c178519e69)].""
        },
        {
            ""summary"": ""社区的整体技术提升"",
            ""explanation"": ""通过自然语言集成开发环境和PromptSapper的技术支持，以及TOSEM期刊的学术发布，社区整体的技术能力和学术水平得到了显著提升。这种提升不仅有助于内部成员的发展，同时也为更广泛的行业和学术界做出了贡献 [Data: L0_C2_L1_C0 (89ce4098-057d-4188-a2d5-52c178519e69)].""
        }
    ]
}
```","['48fbdb5a-984d-44b2-8055-6aa015b1927e', 'e370fd21-1453-4c27-9eff-5c2a084cde1b', '3a6331c0-a83e-4d03-8be1-8a3603bae5f8']",,,
7d82ab52-ec93-4a02-89c4-33401628c5d0,L0_C0,L0_C0,0,"```json
{
    ""title"": ""程煜与高水平竞赛和学术活动社区"",
    ""summary"": ""此社区主要围绕个人程煜及其参与的多项高水平竞赛和学术活动展开。程煜是江西师范大学计算机科学与技术专业的在读本科生，拥有丰富的竞赛经历和较强的学术背景。社区中的其他关键实体包括各类竞赛和学术活动，这些实体均与程煜的成长和成就息息相关。"",
    ""rating"": 8.5,
    ""rating_explanation"": ""社区中的实体在人才培养与技术竞争力方面具有很高的重要性。"",
    ""findings"": [
        {
            ""summary"": ""程煜在多项高水平竞赛中获得优异成绩。"",
            ""explanation"": ""程煜在多项重要的计算机与人工智能竞赛中取得了优异成绩。例如，他在第五届全球校园人工智能算法精英大赛中获得国家一等奖 [Data: 活动 (11)]; 在全国大学生计算机系统能力大赛暨第三届OceanBase数据库大赛中获得省级一等奖，并在第十八届“挑战杯”江西省大学生课外学术科技作品竞赛中获得省级二等奖 [Data: 活动 (7d82ab52-ec93-4a02-89c4-33401628c5d0), 活动 (6), 活动 (3)].""
        },
        {
            ""summary"": ""程煜的学术实力体现在其研究方向和论文发表。"",
            ""explanation"": ""程煜在江西师范大学和澳大利亚国立大学的联合指导下，从事知识图谱、提示学习、预训练语言模型以及程序分析方面的研究 [Data: 个人 (4)]. 他发表了一篇题为《Prompt Sapper: A LLM-Empowered Production Tool for Building AI Chains》的论文，这进一步证明了其在学术研究领域的实力 [Data: 个人 (4)].""
        },
        {
            ""summary"": ""程煜的技术栈与编程能力较为全面。"",
            ""explanation"": ""程煜精通Python、C、Java等编程语言，并能熟练使用Flask、FastAPI、Node、React等技术栈进行开发 [Data: 个人 (4)]. 这些技能使他在竞赛和研究中能够灵活应对各种技术挑战，并成功地开发出相应的解决方案。""
        },
        {
            ""summary"": ""程煜在学术和技术竞赛方面的全面表现。"",
            ""explanation"": ""通过程煜所获得的各种荣誉奖项和技术证书，如连续两年获得校综合一等奖学金、获评优秀共青团员和通过计算机二级认证，可以看出他在学术和技术上的全面发展 [Data: 个人 (4); 活动 (3); 证书 (8, 9, 12)]. 这些成就不仅反映了他的个人能力，同时也展现了其在团队协作和创新能力方面的卓越表现。""
        },
        {
            ""summary"": ""程煜的研究方向具有前沿性和实用性。"",
            ""explanation"": ""程煜在知识图谱、提示学习、预训练语言模型和程序分析等前沿领域开展了多项研究，这些研究具有重要的学术价值和实际应用潜力 [Data: 学科 (5, 9, 13, 14); 个人 (4)]. 通过这些领域的深入研究，他不仅提高了自己的科研能力，也为相关领域的学术进步做出了贡献。""
        },
        {
            ""summary"": ""优秀的学术和技术竞赛背景使程煜成为未来人才。"",
            ""explanation"": ""程煜的综合背景显示出他已在学术和技术竞赛中展现出非凡的才能和潜力。这使得他不仅具备了扎实的理论知识，还拥有了丰富的实战经验，成为未来优秀的科技人才 [Data: 个人 (4); 活动 (6, 11); 证书 (12)]。""
        }
    ]
}
```","['a9ad453d-c2e7-4406-b7d8-54ced33186a9', '1a76a11c-bed3-4e7b-8970-8a6f97ebe3cf', '32fd0136-8c08-4eef-9488-605d4a9a8f86', 'a2a1aa5a-12d9-4772-8af4-2ace630c7202', '343478ef-a0e4-4a49-9d2b-38e40957a87f', '97428f6b-cca3-4ada-b97e-57cd2514e40e', '264b0c48-bee1-44a4-a5b7-c2af007a6053', 'ff91e177-a310-4632-a221-07ae5daa0dc6', '8d2315c1-ad3a-4783-b82c-ec8d477eb40a', 'a43484c2-5106-4593-9444-f8e4c77deea4', '4b8007f6-f57a-4da2-9c1a-e2bc8e7901b5', '87976a57-9010-487c-9b0a-c7bd6ce87e69', 'f2a42cb5-8b7e-4146-b0cd-b45549ec38a8']",,,
57d3b7b7-1eb0-43c3-9e72-a683b79b6256,L0_C1,L0_C1,0,"```json
{
    ""title"": ""智慧会平台的关键实体"",
    ""summary"": ""该社区由多个关键实体组成，包括名为“Sapper”的平台、江西省第四届成果对接会、江西卫视、2023年中国软件大会以及知名公众号“机器之心”。这些实体之间相互关联，共同构成了一个多元化的与技术和媒体相关的社区。"",
    ""rating"": 7.5,
    ""rating_explanation"": ""社区中的实体具有较高的技术和媒体影响力，因此影响力较大。"",
    ""findings"": [
        {
            ""summary"": ""Sapper 作为平台的核心角色"",
            ""explanation"": ""Sapper 是该社区的一个关键平台，具有很高的技术权重（degree 6），是其他实体联系的中心。这意味着 Sapper 可能在信息共享和活动组织中起到核心作用，进一步强化了社区的综合实力 [Data: L0_C1 (57d3b7b7-1eb0-43c3-9e72-a683b79b6256)].""
        },
        {
            ""summary"": ""江西省第四届成果对接会的重要性"",
            ""explanation"": ""江西省第四届成果对接会作为社区中的一项重要活动，展示了技术成果的交流和合作机会。由于其专注于成果对接，该活动可能会吸引众多技术界和产业界的参与者，进一步促进社区的技术创新和产业联动 [Data: L0_C1 (57d3b7b7-1eb0-43c3-9e72-a683b79b6256)].""
        },
        {
            ""summary"": ""江西卫视在媒体领域的影响"",
            ""explanation"": ""江西卫视作为一个电视台实体，对公众舆论和信息传播具有重要影响。这使得它在社区中的作用不仅是传播平台，更是参与者获取信息的重要渠道，增强了社区的整体影响力 [Data: L0_C1 (57d3b7b7-1eb0-43c3-9e72-a683b79b6256)].""
        },
        {
            ""summary"": ""2023年中国软件大会的技术交流平台"",
            ""explanation"": ""2023年中国软件大会是社区内的重要技术交流平台，汇聚了大量的软件开发者、企业和技术爱好者。通过这种形式的大会，社区的成员可以分享最新的技术进展和应用经验，推动整个社区的技术发展 [Data: L0_C1 (57d3b7b7-1eb0-43c3-9e72-a683b79b6256)].""
        },
        {
            ""summary"": ""知名公众号“机器之心”的知识传播作用"",
            ""explanation"": ""“机器之心”是一个知名的公众号，以传播技术相关知识和资讯为主要内容。它在社区中的作用不仅在于提供信息，还在于通过深度分析和报道，提升社区成员对技术发展的理解和认知。这一平台的存在，增强了整个社区的信息共享和技术普及 [Data: L0_C1 (57d3b7b7-1eb0-43c3-9e72-a683b79b6256)].""
        }
    ]
}
```","['7a0d59cd-b2d2-47c6-98f6-edb44761fc05', 'd80eb85e-e73e-4617-8b24-3d61dea560d8', '636cb3de-41b1-421f-8f27-1d721a230339', 'd8e7ab7c-a3c7-4fb6-92de-e775d6f47aba', '49d754d7-236c-49c9-97aa-cfea9b5cf42a']",,,
51cb0ff7-c289-4bb5-84df-b0cf2b90b996,L0_C1_L1_C0,L0_C1_L1_C0,1,"```json
{
    ""title"": ""江西省第四届成果对接会及其关联实体"",
    ""summary"": ""该社区的整体结构包括一个平台（Sapper）、两个活动（江西省第四届成果对接会和2023年中国软件大会）、一个电视台（江西卫视）以及一个知名公众号（机器之心）。这些实体之间通过它们的公共目标和活动紧密联系在一起，共同推动技术和创新成就的传播。这些实体在技术能力、法律合规性以及社会声誉方面都各有特点。"",
    ""rating"": 7.8,
    ""rating_explanation"": ""该社区由多个重要实体组成，每个实体在其领域内都具有相当的影响力。"",
    ""findings"": [
        {
            ""summary"": ""Sapper平台在技术推广中扮演重要角色"",
            ""explanation"": ""Sapper作为一个技术平台，具备较高的影响力和技术推广能力。它在多个技术活动和会议中扮演关键角色，推广新技术和创新成果 [Data: L0_C1_L1_C0 (51cb0ff7-c289-4bb5-84df-b0cf2b90b996)].""
        },
        {
            ""summary"": ""江西省第四届成果对接会促进了地区创新"",
            ""explanation"": ""江西省第四届成果对接会旨在促进地区内外的技术交流与合作，通过汇集各类产业和技术资源，实现了创新成果的转化和推广。该活动得到了多方的参与和支持，推动了区域科技的发展 [Data: L0_C1_L1_C0 (51cb0ff7-c289-4bb5-84df-b0cf2b90b996)].""
        },
        {
            ""summary"": ""江西卫视在活动宣传中的重要作用"",
            ""explanation"": ""作为一个主要媒体渠道，江西卫视在宣传和报道该社区的各项活动中发挥了重要作用。它通过广泛的受众群体有效提升了活动的影响力和公众认知度 [Data: L0_C1_L1_C0 (51cb0ff7-c289-4bb5-84df-b0cf2b90b996)].""
        },
        {
            ""summary"": ""2023年中国软件大会扩大了社区的技术影响力"",
            ""explanation"": ""2023年中国软件大会作为一个全国性的专业技术大会，提升了整个社区在软件技术领域的影响力。参会者包括各类技术专家和企业代表，这为知识交流和资源共享提供了宝贵的机会 [Data: L0_C1_L1_C0 (51cb0ff7-c289-4bb5-84df-b0cf2b90b996)].""
        },
        {
            ""summary"": ""“机器之心”公众号的专业影响力"",
            ""explanation"": ""“机器之心”作为一个知名的技术类公众号，对高新技术的报道和推广起到了关键作用。该公众号提供了丰富的技术资讯和行业动态，吸引了大量的专业读者 [Data: L0_C1_L1_C0 (51cb0ff7-c289-4bb5-84df-b0cf2b90b996)].""
        }
    ]
}
```","['7a0d59cd-b2d2-47c6-98f6-edb44761fc05', 'd80eb85e-e73e-4617-8b24-3d61dea560d8', '636cb3de-41b1-421f-8f27-1d721a230339', 'd8e7ab7c-a3c7-4fb6-92de-e775d6f47aba', '49d754d7-236c-49c9-97aa-cfea9b5cf42a']",,,
