id,short_id,title,level,full_content,entity_ids,relationship_ids,covariate_ids,rating,attributes
60a1485c-64ee-4bda-a410-ffd54c9efa57,L0_C1,江西卫视与其相关实体社区报告,0,"
{
    ""title"": ""江西卫视与其相关实体社区报告"",
    ""summary"": ""本报告概述了一个由江西卫视以及其他相关实体组成的社区结构。社区中的关键实体包括江西唯一的电视台江西卫视，与它相关的重要活动如江西省第四届成果对接会和2023年中国软件大会以及知名公众号“机器之心”和平台Sapper。这些实体彼此之间通过各种方式联系，形成了一个具有一定影响力的社区。"",
    ""rating"": 7.8,
    ""rating_explanation"": ""该社区的影响力较高，因为它包括了媒体、重要活动和技术平台等关键实体。"",
    ""findings"": [
        {
            ""summary"": ""江西卫视在媒体中的关键作用"",
            ""explanation"": ""江西卫视是江西省唯一的电视台，具有极高的区域和全国影响力。它不仅传播地方新闻和信息，还报道了众多与地方发展紧密相关的事件 [Data: Entities (60a1485c-64ee-4bda-a410-ffd54c9efa57)].""
        },
        {
            ""summary"": ""江西省第四届成果对接会议的重要性"",
            ""explanation"": ""江西省第四届成果对接会作为一个重要的活动，以连接和展示地方行业成果为主，吸引了大量的企业和技术人员参与。这种对接形式促进了地方经济和科技发展的融合 [Data: Entities (没有提供 ID，但相关文本显示该对接会的信息)].""
        },
        {
            ""summary"": ""2023年中国软件大会对技术发展的影响"",
            ""explanation"": ""2023年中国软件大会是展示和推动软件技术创新的重要平台，汇集了全国乃至全球的软件行业专家和企业，共同探讨最新技术和市场动态 [Data: Entities (没有提供 ID，但相关文本显示大会的信息)].""
        },
        {
            ""summary"": ""知名公众号“机器之心”的科技传播"",
            ""explanation"": ""“机器之心”是一个知名的科技公众号，专注于人工智能和机器学习领域，对相关技术进行了深入的分析和报道，影响了大量的技术爱好者和从业者 [Data: Entities (没有提供 ID，但相关文本显示该公众号的信息)].""
        },
        {
            ""summary"": ""平台Sapper的技术推动力"",
            ""explanation"": ""Sapper平台以其先进的技术和广泛的应用场景在行业内具备高知名度和影响力。其应用领域涉及多种技术服务的提供 [Data: Entities (没有提供 ID 但文中提到了该平台的信息)].""
        }
    ]
}
","['636cb3de-41b1-421f-8f27-1d721a230339', 'd80eb85e-e73e-4617-8b24-3d61dea560d8', 'd8e7ab7c-a3c7-4fb6-92de-e775d6f47aba', '49d754d7-236c-49c9-97aa-cfea9b5cf42a', '7a0d59cd-b2d2-47c6-98f6-edb44761fc05']",,,7.8,
e637344e-a02d-4c4a-859d-fd5bfd7c5496,L0_C1_L1_C0,江西卫视及其关联实体网络,1,"
{
    ""title"": ""江西卫视及其关联实体网络"",
    ""summary"": ""该社区主要由江西卫视和相关活动及平台组成，展示了其作为一个电视台在媒体和技术平台上的广泛影响力。社区内的实体包括江西卫视、江西省第四届成果对接会、2023年中国软件大会、知名公众号“机器之心”和平台Sapper，各实体通过不同形式的活动和媒体传播建立了相关联系。"",
    ""rating"": 8.5,
    ""rating_explanation"": ""社区内多项实体在媒体和技术领域具有显著影响力。"",
    ""findings"": [
        {
            ""summary"": ""江西卫视是该社区的核心媒体实体。"",
            ""explanation"": ""江西卫视作为一个电视台，在社区中发挥了主导作用。其影响力不仅限于电视传播，还涉及多方面的活动和平台的合作，扩大了其影响范围 [Data: L0_C1_L1_C0 (e637344e-a02d-4c4a-859d-fd5bfd7c5496)].""
        },
        {
            ""summary"": ""江西省第四届成果对接会推动了技术和媒体交流。"",
            ""explanation"": ""该对接会在促进技术和媒体交流方面发挥了关键作用，吸引了大量与会者和媒体关注，展示了技术成果和创新思维 [Data: L0_C1_L1_C0 (江西省第四届成果对接会)].""
        },
        {
            ""summary"": ""2023年中国软件大会是技术社区的重要活动。"",
            ""explanation"": ""此活动汇聚了众多软件领域的专家和从业人员，讨论最新的软件技术和行业发展趋势，为技术社区提供了一个重要的交流平台 [Data: L0_C1_L1_C0 (2023年中国软件大会)].""
        },
        {
            ""summary"": ""知名公众号“机器之心”在技术传播中的重要角色。"",
            ""explanation"": ""“机器之心”作为知名的技术公众号，在技术传播和创新讨论中扮演了重要角色，其内容覆盖人工智能和机器学习等前沿领域，吸引了大量关注 [Data: L0_C1_L1_C0 (知名公众号“机器之心”)].""
        },
        {
            ""summary"": ""平台Sapper在技术社区中的高参与度。"",
            ""explanation"": ""Sapper作为一个平台，在技术社区中的参与度非常高，吸引了大量的用户和开发者，推动了技术交流和创新 [Data: L0_C1_L1_C0 (Sapper)].""
        }
    ]
}
","['636cb3de-41b1-421f-8f27-1d721a230339', 'd80eb85e-e73e-4617-8b24-3d61dea560d8', 'd8e7ab7c-a3c7-4fb6-92de-e775d6f47aba', '49d754d7-236c-49c9-97aa-cfea9b5cf42a', '7a0d59cd-b2d2-47c6-98f6-edb44761fc05']",,,8.5,
182f701f-abfa-4c0d-aca5-69854365be86,L0_C2,自然语言集成开发环境社区,0,"
{
    ""title"": ""自然语言集成开发环境社区"",
    ""summary"": ""本报告涵盖自然语言集成开发环境社区的整体结构，其主要实体之间的关系，以及与其相关的重大信息。自然语言集成开发环境是该社区的主要提供者，主要通过开发和提供与自然语言处理相关的工具和平台。此外，PromptSapper论文和工具以及TOSEM期刊也是该社区的重要组成部分，各自承担着不同的职能和责任。"",
    ""rating"": 7.5,
    ""rating_explanation"": ""该社区在技术能力和影响力方面具有较高的重要性，特别是在自然语言处理领域的研究和应用。"",
    ""findings"": [
        {
            ""summary"": ""自然语言集成开发环境是该社区的核心提供者。"",
            ""explanation"": ""自然语言集成开发环境在该社区中扮演着核心提供者的角色，负责开发和提供与自然语言处理相关的工具和平台。这些工具和平台为学术研究和实际应用提供了重要的技术支持，极大地推动了自然语言处理领域的发展 [Data: L0_C2 (182f701f-abfa-4c0d-aca5-69854365be86)].""
        },
        {
            ""summary"": ""PromptSapper是社区中重要的论文和工具构建者。"",
            ""explanation"": ""PromptSapper在该社区中主要以论文和开发工具的形式为自然语言处理研究提供支持。通过其论文，社区成员能够了解最新的研究成果和技术进展，而其开发的工具则可以直接应用于实际项目中，提升整个社区的技术水平和影响力 [Data: L0_C2 (182f701f-abfa-4c0d-aca5-69854365be86)].""
        },
        {
            ""summary"": ""TOSEM期刊在社区中扮演着重要的学术期刊角色。"",
            ""explanation"": ""TOSEM期刊作为该社区中的重要学术期刊，主要负责发布关于软件工程和自然语言处理的研究文章。该期刊为学术界和工业界之间搭建了一个沟通和交流的平台，有效促进了技术的传播和应用 [Data: L0_C2 (182f701f-abfa-4c0d-aca5-69854365be86)].""
        }
    ]
}
","['48fbdb5a-984d-44b2-8055-6aa015b1927e', '3a6331c0-a83e-4d03-8be1-8a3603bae5f8', 'e370fd21-1453-4c27-9eff-5c2a084cde1b']",,,7.5,
d5444a8b-b849-4716-b2f9-c50590aa695c,L0_C2_L1_C0,自然语言集成开发环境社区,1,"
{
    ""title"": ""自然语言集成开发环境社区"",
    ""summary"": ""本报告详细介绍了由几个关键实体组成的自然语言集成开发环境社区，包括其结构、关系以及显著信息。社区的主要实体包括自然语言集成开发环境、PromptSapper等，他们在期刊上有所发表，并且拥有较高的学术和技术影响力。"",
    ""rating"": 7.5,
    ""rating_explanation"": ""由于社区各实体的高技术能力和学术声誉，但缺少更广泛的公共领域影响，因此评定为7.5分。"",
    ""findings"": [
        {
            ""summary"": ""自然语言集成开发环境的技术能力"",
            ""explanation"": ""自然语言集成开发环境作为社区的核心，其技术能力极高，被划分为度数2的提供实体 [Data: Entities (d5444a8b-b849-4716-b2f9-c50590aa695c)]. 这种分类表明它在技术能力和贡献方面具有重要地位。""
        },
        {
            ""summary"": ""学术工具PromptSapper的影响力"",
            ""explanation"": ""PromptSapper是社区中一个关键的学术工具，被分类为度数3的论文和工具 [Data: Entities (d5444a8b-b849-4716-b2f9-c50590aa695c)]. 这种高程度的评价显示了PromptSapper在学术界和工具开发中的重要性，并且对该社区整体学术影响力起到了重要推动作用。""
        },
        {
            ""summary"": ""TOSEM期刊的贡献与声誉"",
            ""explanation"": ""TOSEM是一个重要的期刊，被归类为度数1的期刊实体 [Data: Entities (d5444a8b-b849-4716-b2f9-c50590aa695c)]. 作为学术论文发表的平台，TOSEM的声誉和贡献确保了社区在学术领域具有一定的影响力和认可度。""
        },
        {
            ""summary"": ""社区结构中的实体关系"",
            ""explanation"": ""社区的整体结构显示多个实体之间的紧密关系。例如，自然语言集成开发环境与PromptSapper以及TOSEM期刊之间的关系密切，构成了一个技术与学术相结合的综合平台。这些实体间的相互作用推动了社区的共同发展 [Data: Relationships (d5444a8b-b849-4716-b2f9-c50590aa695c)].""
        },
        {
            ""summary"": ""学术社区的协作和技术开发"",
            ""explanation"": ""自然语言集成开发环境社区展示了显著的学术和技术协作精神。各实体通过共同参与论文发表、工具开发和技术提供，形成了一个高度协作且技术先进的学术群体 [Data: Entities (d5444a8b-b849-4716-b2f9-c50590aa695c)].""
        }
    ]
}
","['48fbdb5a-984d-44b2-8055-6aa015b1927e', '3a6331c0-a83e-4d03-8be1-8a3603bae5f8', 'e370fd21-1453-4c27-9eff-5c2a084cde1b']",,,7.5,
eff6aa17-1e05-45b0-804c-8a1a290dbe57,L0_C3,江西师范大学与程煜社区,0,"
{
    ""title"": ""江西师范大学与程煜社区"",
    ""summary"": ""该社区主要由江西师范大学以及在校生程煜组成。江西师范大学是一所知名大学，而程煜是一名在读本科生，专业为计算机科学与技术。他在学术、技术和竞赛方面表现突出，并有多个获奖和荣誉。程煜及其导师在知识图谱、提示学习、预训练语言模型和程序分析领域有显著研究成果。"",
    ""rating"": 7.5,
    ""rating_explanation"": ""这个社区展示了显著的学术和技术能力，特别是在计算机科学与技术领域。"",
    ""findings"": [
        {
            ""summary"": ""江西师范大学的介绍及其重要性"",
            ""explanation"": ""江西师范大学是一所具有较高学术声誉的大学，提供多种学术课程和研究机会，特别是在计算机科学领域 [Data: L0_C3 (eff6aa17-1e05-45b0-804c-8a1a290dbe57)].该校不仅为学生提供全面的教育，还促进了跨学科研究，是程煜及其研究项目的重要支持平台。""
        },
        {
            ""summary"": ""程煜的学术背景和成就"",
            ""explanation"": ""程煜是一名在读本科生，其专业为计算机科学与技术，目前在江西师范大学就读，预计于2025年7月毕业 [Data: L0_C3 (eff6aa17-1e05-45b0-804c-8a1a290dbe57)].他在班级中的排名为2/32，并且连续2年获得校综合一等奖学金，显示出其卓越的学术能力。此外，他还获得了优秀共青团员的称号，进一步证明了其全面发展的能力。""
        },
        {
            ""summary"": ""程煜的研究领域和指导导师"",
            ""explanation"": ""程煜在黄箐教授（江西师范大学）和邢振昌教授（澳大利亚国立大学）的联合指导下，研究领域主要集中在知识图谱、提示学习、预训练语言模型和程序分析 [Data: L0_C3 (eff6aa17-1e05-45b0-804c-8a1a290dbe57)].这种国际化的指导团队为其研究提供了广泛的视野和深厚的专业知识基础。""
        },
        {
            ""summary"": ""程煜的论文及其技术平台"",
            ""explanation"": ""程煜发表了一篇名为《Prompt Sapper: A LLM-Empowered Production Tool for Building AI Chains》的论文，其研究成果得到了学术界的关注和认可 [Data: L0_C3 (eff6aa17-1e05-45b0-804c-8a1a290dbe57)].这一研究主要利用Sapper平台，展现了程煜在前沿技术开发和应用方面的能力。""
        },
        {
            ""summary"": ""程煜的技术能力和开发经验"",
            ""explanation"": ""程煜熟练掌握多种编程语言，包括Python、C、Java，且拥有广泛的技术栈，如Flask、FastAPI、Node和React [Data: L0_C3 (eff6aa17-1e05-45b0-804c-8a1a290dbe57)].他的GitHub账号也展示了其丰富的开发经验和项目成果。在编程和开发方面的多元化技能使他能够胜任多种技术挑战。""
        },
        {
            ""summary"": ""程煜的竞赛经历和荣誉"",
            ""explanation"": ""程煜在多个知名竞赛中斩获奖项，例如第五届全球校园人工智能算法精英大赛国家一等奖和全国大学生计算机系统能力大赛暨第三届OceanBase数据库大赛省级一等奖 [Data: L0_C3 (eff6aa17-1e05-45b0-804c-8a1a290dbe57)].此外，他在挑战杯等竞赛中也表现出色，这些都进一步证明了他的技术实力和竞赛能力。""
        }
    ]
}
","['cba02519-3c53-4fb9-bda6-7f6e55c3ad0c', '58e1d87e-2061-47dc-8dd7-0764bd6a84c4']",,,7.5,
3f6cc8d8-4af9-4a11-af95-f196aa5c08f1,L0_C3_L1_C0,江西师范大学 - 计算机科学与技术,1,"
{
    ""title"": ""江西师范大学 - 计算机科学与技术"",
    ""summary"": ""本报告涵盖了江西师范大学及其在计算机科学与技术领域的关键人物程煜的整体结构。江西师范大学作为一家具有一定影响力的大学，培养了许多优秀的人才。程煜，正在江西师范大学攻读计算机科学与技术本科，其在学术研究、竞赛、技术开发方面表现出色，并获得多项荣誉及奖项。"",
    ""rating"": 7.8,
    ""rating_explanation"": ""本社区涵盖了重要的学术和技术人物，潜在影响广泛。"",
    ""findings"": [
        {
            ""summary"": ""江西师范大学作为教育机构的影响力"",
            ""explanation"": ""江西师范大学是一所知名的大学，主要致力于培养在各个领域有杰出表现的学生 [Data: L0_C3_L1_C0 (3f6cc8d8-4af9-4a11-af95-f196aa5c08f1)].""
        },
        {
            ""summary"": ""程煜在学术方面的卓越表现"",
            ""explanation"": ""程煜在计算机科学与技术领域作为在读本科生，其班级排名为2/32，表明其在学术上有着优异的表现。此外，他连续2年获得校综合一等奖学金，并被评为优秀共青团员 [Data: L0_C3_L1_C0 (3f6cc8d8-4af9-4a11-af95-f196aa5c08f1)].""
        },
        {
            ""summary"": ""程煜的研究领域和指导老师"",
            ""explanation"": ""程煜在知识图谱、提示学习、预训练语言模型、程序分析等领域进行了深入研究，且由江西师范大学的黄箐教授和澳大利亚国立大学的邢振昌教授联合指导 [Data: L0_C3_L1_C0 (3f6cc8d8-4af9-4a11-af95-f196aa5c08f1)].""
        },
        {
            ""summary"": ""程煜在技术开发方面的能力"",
            ""explanation"": ""程煜具备丰富的技术开发经验，熟练掌握Python、C、Java等编程语言，并在多个技术栈如Flask、FastAPI、Node、React等方面有实践经验 [Data: L0_C3_L1_C0 (3f6cc8d8-4af9-4a11-af95-f196aa5c08f1)].""
        },
        {
            ""summary"": ""程煜在竞赛中的突出成绩"",
            ""explanation"": ""程煜在竞赛方面有着突出的成绩，如获得第五届全球校园人工智能算法精英大赛国家一等奖、全国大学生计算机系统能力大赛暨第三届OceanBase数据库大赛省级一等奖等 [Data: L0_C3_L1_C0 (3f6cc8d8-4af9-4a11-af95-f196aa5c08f1)].""
        },
        {
            ""summary"": ""程煜的学术出版物"",
            ""explanation"": ""程煜发表了题为“Prompt Sapper: A LLM-Empowered Production Tool for Building AI Chains”的论文，展示了他在学术研究上的深度和创新能力 [Data: L0_C3_L1_C0 (3f6cc8d8-4af9-4a11-af95-f196aa5c08f1)].""
        },
        {
            ""summary"": ""程煜的未来发展潜力"",
            ""explanation"": ""程煜计划于2025年7月毕业，凭借其在学术、技术开发和竞赛方面的优秀表现，未来在计算机科学与技术领域有着巨大潜力 [Data: L0_C3_L1_C0 (3f6cc8d8-4af9-4a11-af95-f196aa5c08f1)].""
        }
    ]
}
","['cba02519-3c53-4fb9-bda6-7f6e55c3ad0c', '58e1d87e-2061-47dc-8dd7-0764bd6a84c4']",,,7.8,
c0fca162-029c-4b97-867d-fd138f497069,L0_C0,程煜的学术与技术成就社群,0,"
{
    ""title"": ""程煜的学术与技术成就社群"",
    ""summary"": ""该社群以程煜及其关联的学术与技术成就为核心，涉及多个学科、活动和证书。程煜是江西师范大学在读本科生，专业为计算机科学与技术，并且在多个国家及省级竞赛中取得了优异成绩。主要研究领域包括知识图谱、提示学习、预训练语言模型和程序分析。在学术上，发表论文并获得多项学术奖励与证书。"",
    ""rating"": 8.7,
    ""rating_explanation"": ""该社群的影响力较大，因程煜在国际和国家级竞赛中所取得的成绩和发表的学术论文。"",
    ""findings"": [
        {
            ""summary"": ""程煜在学术研究与技术实践方面取得了显著成就"",
            ""explanation"": ""程煜是江西师范大学计算机科学与技术专业的在读本科生，在学术上表现非常优秀 [Data: L0_C0 (c0fca162-029c-4b97-867d-fd138f497069)]. 他在知识图谱、提示学习、预训练语言模型以及程序分析等领域进行研究，并同时在黄箐教授和澳大利亚国立大学的邢振昌教授的联合指导下进行科研工作 [Data: L0_C0 (c0fca162-029c-4b97-867d-fd138f497069)]. 程煜的研究成果包括他所发表的论文《Prompt Sapper: A LLM-Empowered Production Tool for Building AI Chains》[Data: L0_C0 (c0fca162-029c-4b97-867d-fd138f497069)].""
        },
        {
            ""summary"": ""在多项顶级竞赛中获奖"",
            ""explanation"": ""程煜参加并获得多项国家和省级竞赛奖项，包括第五届全球校园人工智能算法精英大赛国家一等奖、全国大学生计算机系统能力大赛暨第三届OceanBase数据库大赛省级一等奖、第十八届“挑战杯”江西省大学生课外学术科技作品竞赛省级二等奖以及中国高校计算机大赛——网络技术挑战赛省级三等奖 [Data: L0_C0 (c0fca162-029c-4b97-867d-fd138f497069)]. 这些奖项突显了他在计算机技术和算法领域的卓越能力。""
        },
        {
            ""summary"": ""优良的学术表现和多次获奖"",
            ""explanation"": ""程煜以其优良的学术表现连续两年获得校综合一等奖学金，并被评为优秀共青团员 [Data: L0_C0 (c0fca162-029c-4b97-867d-fd138f497069)]. 此外，他还获得了计算机二级证书，这进一步证实了他的学术能力和技术水平 [Data: L0_C0 (c0fca162-029c-4b97-867d-fd138f497069)].""
        },
        {
            ""summary"": ""具备多种编程语言和技术栈的熟练掌握"",
            ""explanation"": ""程煜掌握多种编程语言，包括Python、C和Java，并具备使用Flask、FastAPI、Node和React等技术栈的能力 [Data: L0_C0 (c0fca162-029c-4b97-867d-fd138f497069)]. 这些技能使他能够在不同领域和项目中游刃有余。""
        },
        {
            ""summary"": ""积极参与学科研究和活动"",
            ""explanation"": ""程煜积极参与多个学科研究，如知识图谱、提示学习、预训练语言模型和程序分析，并参加了多项相关活动和竞赛 [Data: L0_C0 (c0fca162-029c-4b97-867d-fd138f497069)]. 通过这些活动，他不仅提升了自己的研究能力，还拓展了学术视野。""
        },
        {
            ""summary"": ""出色的综合素质与班级排名"",
            ""explanation"": ""程煜的综合素质非常出色，在班级中的排名为2/32，体现了他在学术和技术上的优异表现 [Data: L0_C0 (c0fca162-029c-4b97-867d-fd138f497069)].""
        },
        {
            ""summary"": ""获得多项证书和荣誉"",
            ""explanation"": ""程煜获得了多项证书和荣誉，包括校综合一等奖学金和优秀共青团员称号 [Data: L0_C0 (c0fca162-029c-4b97-867d-fd138f497069)], 表明了他在学术上的不懈努力和贡献。""
        },
        {
            ""summary"": ""预期毕业时间和未来前景"",
            ""explanation"": ""程煜预计于2025年7月从江西师范大学毕业，并且在学术和技术领域都表现出了极大的潜力和前景 [Data: L0_C0 (c0fca162-029c-4b97-867d-fd138f497069)].""
        }
    ]
}
","['4b8007f6-f57a-4da2-9c1a-e2bc8e7901b5', 'f2a42cb5-8b7e-4146-b0cd-b45549ec38a8', '87976a57-9010-487c-9b0a-c7bd6ce87e69', '8d2315c1-ad3a-4783-b82c-ec8d477eb40a', 'a43484c2-5106-4593-9444-f8e4c77deea4', '97428f6b-cca3-4ada-b97e-57cd2514e40e', 'ff91e177-a310-4632-a221-07ae5daa0dc6', '343478ef-a0e4-4a49-9d2b-38e40957a87f', '32fd0136-8c08-4eef-9488-605d4a9a8f86', 'a9ad453d-c2e7-4406-b7d8-54ced33186a9', 'a2a1aa5a-12d9-4772-8af4-2ace630c7202', '1a76a11c-bed3-4e7b-8970-8a6f97ebe3cf', '264b0c48-bee1-44a4-a5b7-c2af007a6053']",,,8.7,
